user id, premium
10115,premium
10202,premium
10235,premium
10244,premium
10251,premium
10264,premium
10287,premium
10525,premium
10540,premium
10602,premium
10840,premium
10911,premium
11489,premium
11498,premium
11606,premium
11767,premium
11951,premium
12240,premium
12491,premium
12565,premium
12719,premium
12796,premium
12863,premium
13005,premium
13016,premium
13492,premium
13652,premium
13701,premium
13745,premium
13825,premium
13944,premium
13993,premium
14412,premium
14778,premium
14938,premium
14944,premium
14950,premium
15587,premium
15625,premium
16025,premium
16293,premium
17183,premium
17300,premium
17588,premium
17676,premium
17682,premium
17903,premium
18060,premium
18104,premium
18153,premium
18405,premium
18607,premium
18615,premium
18954,premium
19195,premium
19271,premium
19433,premium
20336,premium
20611,premium
21100,premium
21289,premium
22950,premium
23120,premium
23575,premium
23644,premium
23774,premium
23918,premium
24068,premium
24157,premium
24367,premium
25193,premium
25469,premium
25536,premium
26282,premium
26424,premium
26538,premium
26551,premium
27298,premium
27348,premium
27420,premium
28190,premium
28468,premium
29548,premium
29602,premium
29628,premium
29759,premium
30035,premium
30187,premium
30338,premium
30393,premium
30481,premium
30741,premium
30870,premium
30881,premium
31447,premium
31608,premium
31721,premium
32171,premium
32321,premium
32494,premium
32565,premium
32637,premium
32645,premium
33072,premium
33199,premium
33302,premium
33881,premium
34008,premium
34296,premium
34430,premium
34516,premium
34767,premium
35181,premium
35227,premium
35285,premium
35696,premium
35910,premium
35943,premium
36085,premium
36154,premium
36417,premium
36470,premium
36744,premium
36797,premium
36806,premium
37329,premium
37457,premium
37691,premium
37856,premium
38089,premium
38455,premium
38701,premium
38854,premium
39001,premium
39239,premium
39526,premium
39674,premium
40059,premium
40295,premium
40331,premium
40485,premium
41406,premium
42330,premium
42439,premium
42725,premium
43065,premium
43616,premium
43771,premium
43905,premium
44135,premium
44243,premium
44288,premium
44563,premium
44584,premium
44674,premium
45015,premium
45218,premium
45237,premium
45311,premium
45369,premium
46766,premium
46789,premium
46965,premium
47163,premium
47763,premium
47912,premium
47932,premium
47950,premium
48014,premium
48524,premium
48713,premium
49276,premium
49744,premium
50176,premium
50397,premium
50409,premium
50446,premium
50916,premium
51040,premium
51328,premium
51472,premium
51915,premium
52610,premium
52894,premium
53121,premium
53310,premium
53426,premium
53441,premium
53822,premium
53891,premium
53913,premium
54089,premium
54252,premium
54290,premium
54454,premium
54670,premium
54692,premium
54818,premium
54880,premium
55159,premium
55424,premium
55737,premium
55868,premium
56061,premium
56094,premium
56455,premium
56507,premium
56551,premium
56585,premium
56629,premium
56671,premium
56695,premium
56743,premium
56791,premium
56846,premium
56946,premium
56960,premium
57036,premium
57061,premium
57158,premium
57184,premium
57200,premium
57488,premium
57505,premium
57681,premium
57924,premium
58157,premium
58234,premium
58299,premium
58320,premium
58385,premium
58547,premium
58610,premium
58702,premium
58716,premium
58742,premium
58874,premium
58985,premium
59033,premium
59062,premium
59242,premium
59258,premium
59389,premium
59503,premium
59683,premium
60134,premium
60863,premium
61027,premium
61093,premium
61242,premium
61433,premium
61638,premium
61656,premium
61711,premium
61784,premium
61991,premium
62029,premium
62061,premium
62327,premium
62388,premium
62436,premium
62814,premium
62851,premium
62940,premium
62942,premium
62998,premium
63011,premium
63014,premium
63203,premium
63217,premium
63629,premium
63801,premium
63810,premium
63894,premium
64023,premium
64037,premium
64058,premium
64123,premium
64358,premium
64387,premium
64495,premium
64533,premium
64573,premium
64608,premium
